time_min,vehicle_power_kw,dc_bus_voltage_v,current_a,efficiency,loss_kw,temperature_c,soc
0.0,200,796.25,250.0,0.958469387755102,8.666027893111883,25.0,0.35
0.1,200,796.25,250.0,0.958469387755102,8.666027893111883,25.103992334717343,0.3506666666666666
0.2,200,796.25,250.0,0.958469387755102,8.666027893111883,25.207291387203238,0.3513333333333333
0.30000000000000004,200,796.25,250.0,0.958469387755102,8.666027893111883,25.309901779339224,0.3519999999999999
0.4,200,796.25,250.0,0.958469387755102,8.666027893111883,25.411828102194306,0.3526666666666666
0.5,200,796.25,250.0,0.958469387755102,8.666027893111883,25.513074916230355,0.3533333333333332
0.6000000000000001,200,796.25,250.0,0.958469387755102,8.666027893111883,25.613646751506163,0.35399999999999987
0.7000000000000001,200,796.25,250.0,0.958469387755102,8.666027893111883,25.713548107880133,0.3546666666666665
0.8,200,796.25,250.0,0.958469387755102,8.666027893111883,25.81278345521161,0.35533333333333317
0.9,200,796.25,250.0,0.958469387755102,8.666027893111883,25.911357233560874,0.3559999999999998
1.0,200,796.25,250.0,0.958469387755102,8.666027893111883,26.00927385338781,0.35666666666666647
1.1,200,796.25,250.0,0.958469387755102,8.666027893111883,26.106537695749235,0.3573333333333331
1.2000000000000002,200,796.25,250.0,0.958469387755102,8.666027893111883,26.203153112494917,0.35799999999999976
1.3,200,796.25,250.0,0.958469387755102,8.666027893111883,26.299124426462292,0.3586666666666664
1.4000000000000001,200,796.25,250.0,0.958469387755102,8.666027893111883,26.394455931669885,0.35933333333333306
1.5,200,796.25,250.0,0.958469387755102,8.666027893111883,26.48915189350943,0.3599999999999997
1.6,200,796.25,250.0,0.958469387755102,8.666027893111883,26.583216548936708,0.36066666666666636
1.7000000000000002,200,796.25,250.0,0.958469387755102,8.666027893111883,26.67665410666114,0.361333333333333
1.8,200,796.25,250.0,0.958469387755102,8.666027893111883,26.769468747334074,0.36199999999999966
1.9000000000000001,200,796.25,250.0,0.958469387755102,8.666027893111883,26.861664623735855,0.3626666666666663
2.0,200,796.25,250.0,0.958469387755102,8.666027893111883,26.953245860961626,0.36333333333333295
2.1,200,796.25,250.0,0.958469387755102,8.666027893111883,27.044216556605893,0.3639999999999996
2.2,200,796.25,250.0,0.958469387755102,8.666027893111883,27.134580780945864,0.36466666666666625
2.3000000000000003,200,796.25,250.0,0.958469387755102,8.666027893111883,27.22434257712357,0.3653333333333329
2.4000000000000004,200,796.25,250.0,0.958469387755102,8.666027893111883,27.313505961326754,0.36599999999999955
2.5,200,796.25,250.0,0.958469387755102,8.666027893111883,27.402074922968584,0.3666666666666662
2.6,200,796.25,250.0,0.958469387755102,8.666027893111883,27.490053424866137,0.36733333333333285
2.7,200,796.25,250.0,0.958469387755102,8.666027893111883,27.577445403417705,0.3679999999999995
2.8000000000000003,200,796.25,250.0,0.958469387755102,8.666027893111883,27.66425476877893,0.36866666666666614
2.9000000000000004,200,796.25,250.0,0.958469387755102,8.666027893111883,27.750485405037747,0.3693333333333328
3.0,200,796.25,250.0,0.958469387755102,8.666027893111883,27.83614117038817,0.36999999999999944
3.1,200,796.25,250.0,0.958469387755102,8.666027893111883,27.921225897302925,0.3706666666666661
3.2,200,796.25,250.0,0.958469387755102,8.666027893111883,28.005743392704915,0.37133333333333274
3.3000000000000003,200,796.25,250.0,0.958469387755102,8.666027893111883,28.08969743813756,0.3719999999999994
3.4000000000000004,200,796.25,250.0,0.958469387755102,8.666027893111883,28.173091789933984,0.37266666666666604
3.5,200,796.25,250.0,0.958469387755102,8.666027893111883,28.2559301793851,0.3733333333333327
3.6,200,796.25,250.0,0.958469387755102,8.666027893111883,28.338216312906543,0.37399999999999933
3.7,200,796.25,250.0,0.958469387755102,8.666027893111883,28.41995387220451,0.374666666666666
3.8000000000000003,200,796.25,250.0,0.958469387755102,8.666027893111883,28.50114651444049,0.37533333333333263
3.9000000000000004,200,796.25,250.0,0.958469387755102,8.666027893111883,28.581797872394894,0.3759999999999993
4.0,200,796.25,250.0,0.958469387755102,8.666027893111883,28.661911554629604,0.37666666666666593
4.1000000000000005,200,796.25,250.0,0.958469387755102,8.666027893111883,28.741491145649416,0.3773333333333326
4.2,200,796.25,250.0,0.958469387755102,8.666027893111883,28.82054020606243,0.3779999999999992
4.3,200,796.25,250.0,0.958469387755102,8.666027893111883,28.899062272739354,0.3786666666666659
4.4,200,796.25,250.0,0.958469387755102,8.666027893111883,28.977060858971768,0.3793333333333325
4.5,200,796.25,250.0,0.958469387755102,8.666027893111883,29.0545394546293,0.37999999999999917
4.6000000000000005,200,796.25,250.0,0.958469387755102,8.666027893111883,29.13150152631578,0.3806666666666658
4.7,200,796.25,250.0,0.958469387755102,8.666027893111883,29.207950517524353,0.38133333333333247
4.800000000000001,200,796.25,250.0,0.958469387755102,8.666027893111883,29.28388984879153,0.3819999999999991
4.9,200,796.25,250.0,0.958469387755102,8.666027893111883,29.359322917850264,0.38266666666666577
5.0,200,796.25,250.0,0.958469387755102,8.666027893111883,29.434253099781937,0.3833333333333324
5.1000000000000005,200,796.25,250.0,0.958469387755102,8.666027893111883,29.5086837471674,0.38399999999999906
5.2,200,796.25,250.0,0.958469387755102,8.666027893111883,29.58261819023696,0.3846666666666657
5.300000000000001,200,796.25,250.0,0.958469387755102,8.666027893111883,29.65605973701939,0.38533333333333236
5.4,200,796.25,250.0,0.958469387755102,8.666027893111883,29.729011673489936,0.385999999999999
5.5,200,796.25,250.0,0.958469387755102,8.666027893111883,29.801477263717345,0.38666666666666566
5.6000000000000005,200,796.25,250.0,0.958469387755102,8.666027893111883,29.873459750009907,0.3873333333333323
5.7,200,796.25,250.0,0.958469387755102,8.666027893111883,29.944962353060518,0.38799999999999896
5.800000000000001,200,796.25,250.0,0.958469387755102,8.666027893111883,30.01598827209079,0.3886666666666656
5.9,200,796.25,250.0,0.958469387755102,8.666027893111883,30.086540684994194,0.38933333333333225
6.0,200,796.25,250.0,0.958469387755102,8.666027893111883,30.15662274847824,0.3899999999999989
6.1000000000000005,200,796.25,250.0,0.958469387755102,8.666027893111883,30.226237598205728,0.39066666666666555
6.2,200,796.25,250.0,0.958469387755102,8.666027893111883,30.29538834893503,0.3913333333333322
6.300000000000001,200,796.25,250.0,0.958469387755102,8.666027893111883,30.364078094659472,0.39199999999999885
6.4,200,796.25,250.0,0.958469387755102,8.666027893111883,30.43230990874575,0.3926666666666655
6.5,200,796.25,250.0,0.958469387755102,8.666027893111883,30.500086844071454,0.39333333333333215
6.6000000000000005,200,796.25,250.0,0.958469387755102,8.666027893111883,30.567411933161655,0.3939999999999988
6.7,200,796.25,250.0,0.958469387755102,8.666027893111883,30.634288188324586,0.39466666666666544
6.800000000000001,200,796.25,250.0,0.958469387755102,8.666027893111883,30.70071860178643,0.3953333333333321
6.9,200,796.25,250.0,0.958469387755102,8.666027893111883,30.766706145825196,0.39599999999999874
7.0,200,796.25,250.0,0.958469387755102,8.666027893111883,30.832253772903705,0.3966666666666654
7.1000000000000005,200,796.25,250.0,0.958469387755102,8.666027893111883,30.89736441580169,0.39733333333333204
7.2,200,796.25,250.0,0.958469387755102,8.666027893111883,30.96204098774702,0.3979999999999987
7.300000000000001,200,796.25,250.0,0.958469387755102,8.666027893111883,31.02628638254605,0.39866666666666534
7.4,200,796.25,250.0,0.958469387755102,8.666027893111883,31.090103474713086,0.399333333333332
7.5,200,796.25,250.0,0.958469387755102,8.666027893111883,31.153495119599008,0.39999999999999863
7.6000000000000005,200,796.25,250.0,0.958469387755102,8.666027893111883,31.216464153519023,0.4006666666666653
7.7,200,796.25,250.0,0.958469387755102,8.666027893111883,31.279013393879573,0.40133333333333193
7.800000000000001,200,796.25,250.0,0.958469387755102,8.666027893111883,31.341145639304386,0.4019999999999986
7.9,200,796.25,250.0,0.958469387755102,8.666027893111883,31.4028636697597,0.40266666666666523
8.0,200,796.25,250.0,0.958469387755102,8.666027893111883,31.464170246678645,0.4033333333333319
8.1,200,796.25,250.0,0.958469387755102,8.666027893111883,31.525068113084796,0.4039999999999985
8.200000000000001,200,796.25,250.0,0.958469387755102,8.666027893111883,31.585559993714906,0.4046666666666652
8.3,200,796.25,250.0,0.958469387755102,8.666027893111883,31.645648595140816,0.4053333333333318
8.4,200,796.25,250.0,0.958469387755102,8.666027893111883,31.705336605890555,0.4059999999999985
8.5,200,796.25,250.0,0.958469387755102,8.666027893111883,31.764626696568627,0.4066666666666651
8.6,200,796.25,250.0,0.958469387755102,8.666027893111883,31.82352151997551,0.40733333333333177
8.700000000000001,200,796.25,250.0,0.958469387755102,8.666027893111883,31.88202371122635,0.4079999999999984
8.8,200,796.25,250.0,0.958469387755102,8.666027893111883,31.94013588786885,0.40866666666666507
8.9,200,796.25,250.0,0.958469387755102,8.666027893111883,31.997860650000398,0.4093333333333317
9.0,200,796.25,250.0,0.958469387755102,8.666027893111883,32.0552005803844,0.40999999999999837
9.1,200,796.25,250.0,0.958469387755102,8.666027893111883,32.11215824456585,0.410666666666665
9.200000000000001,200,796.25,250.0,0.958469387755102,8.666027893111883,32.16873619098608,0.41133333333333166
9.3,200,796.25,250.0,0.958469387755102,8.666027893111883,32.22493695109685,0.4119999999999983
9.4,200,796.25,250.0,0.958469387755102,8.666027893111883,32.28076303947355,0.41266666666666496
9.5,200,796.25,250.0,0.958469387755102,8.666027893111883,32.33621695392773,0.4133333333333316
9.600000000000001,200,796.25,250.0,0.958469387755102,8.666027893111883,32.39130117561889,0.41399999999999826
9.700000000000001,200,796.25,250.0,0.958469387755102,8.666027893111883,32.44601816916544,0.4146666666666649
9.8,200,796.25,250.0,0.958469387755102,8.666027893111883,32.500370382755015,0.41533333333333156
9.9,200,796.25,250.0,0.958469387755102,8.666027893111883,32.55436024825399,0.4159999999999982
10.0,200,796.25,250.0,0.958469387755102,8.666027893111883,32.60799018131631,0.41666666666666485
10.100000000000001,200,796.25,250.0,0.958469387755102,8.666027893111883,32.66126258149154,0.4173333333333315
10.200000000000001,200,796.25,250.0,0.958469387755102,8.666027893111883,32.71417983233228,0.41799999999999815
10.3,200,796.25,250.0,0.958469387755102,8.666027893111883,32.76674430150074,0.4186666666666648
10.4,200,796.25,250.0,0.958469387755102,8.666027893111883,32.818958340874744,0.41933333333333145
10.5,200,796.25,250.0,0.958469387755102,8.666027893111883,32.87082428665292,0.4199999999999981
10.600000000000001,200,796.25,250.0,0.958469387755102,8.666027893111883,32.92234445945924,0.42066666666666475
10.700000000000001,200,796.25,250.0,0.958469387755102,8.666027893111883,32.97352116444685,0.4213333333333314
10.8,200,796.25,250.0,0.958469387755102,8.666027893111883,33.024356691401216,0.42199999999999804
10.9,200,796.25,250.0,0.958469387755102,8.666027893111883,33.07485331484255,0.4226666666666647
11.0,200,796.25,250.0,0.958469387755102,8.666027893111883,33.125013294127605,0.42333333333333134
11.100000000000001,200,796.25,250.0,0.958469387755102,8.666027893111883,33.17483887355076,0.423999999999998
11.200000000000001,200,796.25,250.0,0.958469387755102,8.666027893111883,33.22433228244443,0.42466666666666464
11.3,200,796.25,250.0,0.958469387755102,8.666027893111883,33.27349573527881,0.4253333333333313
11.4,200,796.25,250.0,0.958469387755102,8.666027893111883,33.32233143176096,0.42599999999999794
11.5,200,796.25,250.0,0.958469387755102,8.666027893111883,33.37084155693323,0.4266666666666646
11.600000000000001,200,796.25,250.0,0.958469387755102,8.666027893111883,33.41902828127102,0.42733333333333123
11.700000000000001,200,796.25,250.0,0.958469387755102,8.666027893111883,33.46689376077989,0.4279999999999979
11.8,200,796.25,250.0,0.958469387755102,8.666027893111883,33.51444013709203,0.42866666666666453
11.9,200,796.25,250.0,0.958469387755102,8.666027893111883,33.561669537562096,0.4293333333333312
12.0,200,796.25,250.0,0.958469387755102,8.666027893111883,33.60858407536236,0.42999999999999783
12.100000000000001,200,796.25,250.0,0.958469387755102,8.666027893111883,33.655185849577286,0.4306666666666645
12.200000000000001,200,796.25,250.0,0.958469387755102,8.666027893111883,33.70147694529744,0.4313333333333311
12.3,200,796.25,250.0,0.958469387755102,8.666027893111883,33.747459433712805,0.4319999999999978
12.4,200,796.25,250.0,0.958469387755102,8.666027893111883,33.7931353722054,0.4326666666666644
12.5,200,796.25,250.0,0.958469387755102,8.666027893111883,33.83850680444137,0.43333333333333107
12.600000000000001,200,796.25,250.0,0.958469387755102,8.666027893111883,33.88357576046244,0.4339999999999977
12.700000000000001,200,796.25,250.0,0.958469387755102,8.666027893111883,33.928344256776704,0.43466666666666437
12.8,200,796.25,250.0,0.958469387755102,8.666027893111883,33.97281429644887,0.435333333333331
12.9,200,796.25,250.0,0.958469387755102,8.666027893111883,34.01698786918988,0.43599999999999767
13.0,200,796.25,250.0,0.958469387755102,8.666027893111883,34.06086695144596,0.4366666666666643
13.100000000000001,200,796.25,250.0,0.958469387755102,8.666027893111883,34.104453506487,0.43733333333333096
13.200000000000001,200,796.25,250.0,0.958469387755102,8.666027893111883,34.147749484494426,0.4379999999999976
13.3,200,796.25,250.0,0.958469387755102,8.666027893111883,34.190756822648474,0.43866666666666426
13.4,200,796.25,250.0,0.958469387755102,8.666027893111883,34.233477445214824,0.4393333333333309
13.5,200,796.25,250.0,0.958469387755102,8.666027893111883,34.275913263630734,0.43999999999999756
13.600000000000001,200,796.25,250.0,0.958469387755102,8.666027893111883,34.31806617659054,0.4406666666666642
13.700000000000001,200,796.25,250.0,0.958469387755102,8.666027893111883,34.35993807013061,0.44133333333333086
13.8,200,796.25,250.0,0.958469387755102,8.666027893111883,34.40153081771375,0.4419999999999975
13.9,200,796.25,250.0,0.958469387755102,8.666027893111883,34.442846280313,0.44266666666666415
14.0,200,796.25,250.0,0.958469387755102,8.666027893111883,34.483886306494924,0.4433333333333308
14.100000000000001,200,796.25,250.0,0.958469387755102,8.666027893111883,34.5246527325023,0.44399999999999745
14.200000000000001,200,796.25,250.0,0.958469387755102,8.666027893111883,34.56514738233629,0.4446666666666641
14.3,200,796.25,250.0,0.958469387755102,8.666027893111883,34.60537206783806,0.44533333333333075
14.4,200,796.25,250.0,0.958469387755102,8.666027893111883,34.645328588769814,0.4459999999999974
14.5,200,796.25,250.0,0.958469387755102,8.666027893111883,34.68501873289536,0.44666666666666405
14.600000000000001,200,796.25,250.0,0.958469387755102,8.666027893111883,34.72444427606006,0.4473333333333307
14.700000000000001,200,796.25,250.0,0.958469387755102,8.666027893111883,34.76360698227034,0.44799999999999734
14.8,200,796.25,250.0,0.958469387755102,8.666027893111883,34.802508603772544,0.448666666666664
14.9,200,796.25,250.0,0.958469387755102,8.666027893111883,34.841150881131405,0.44933333333333064
15.0,200,796.25,250.0,0.958469387755102,8.666027893111883,34.879535543307874,0.4499999999999973
15.100000000000001,200,796.25,250.0,0.958469387755102,8.666027893111883,34.917664307736494,0.45066666666666394
15.200000000000001,200,796.25,250.0,0.958469387755102,8.666027893111883,34.95553888040226,0.4513333333333306
15.3,200,796.25,250.0,0.958469387755102,8.666027893111883,34.99316095591692,0.45199999999999724
15.4,200,796.25,250.0,0.958469387755102,8.666027893111883,35.03053221759482,0.4526666666666639
15.5,200,796.25,250.0,0.958469387755102,8.666027893111883,35.0676543375282,0.45333333333333053
15.600000000000001,200,796.25,250.0,0.958469387755102,8.666027893111883,35.10452897666202,0.4539999999999972
15.700000000000001,200,796.25,250.0,0.958469387755102,8.666027893111883,35.14115778486828,0.45466666666666383
15.8,200,796.25,250.0,0.958469387755102,8.666027893111883,35.17754240101983,0.4553333333333305
15.9,200,796.25,250.0,0.958469387755102,8.666027893111883,35.213684453063706,0.45599999999999713
16.0,200,796.25,250.0,0.958469387755102,8.666027893111883,35.249585558093955,0.4566666666666638
16.1,200,796.25,250.0,0.958469387755102,8.666027893111883,35.285247322424006,0.4573333333333304
16.2,200,796.25,250.0,0.958469387755102,8.666027893111883,35.320671341658525,0.4579999999999971
16.3,200,796.25,250.0,0.958469387755102,8.666027893111883,35.35585920076481,0.4586666666666637
16.400000000000002,200,796.25,250.0,0.958469387755102,8.666027893111883,35.39081247414372,0.4593333333333304
16.5,200,796.25,250.0,0.958469387755102,8.666027893111883,35.42553272570011,0.459999999999997
16.6,200,796.25,250.0,0.958469387755102,8.666027893111883,35.46002150891278,0.46066666666666367
16.7,200,796.25,250.0,0.958469387755102,8.666027893111883,35.494280366904036,0.4613333333333303
16.8,200,796.25,250.0,0.958469387755102,8.666027893111883,35.52831083250869,0.46199999999999697
16.900000000000002,200,796.25,250.0,0.958469387755102,8.666027893111883,35.56211442834264,0.4626666666666636
17.0,200,796.25,250.0,0.958469387755102,8.666027893111883,35.59569266687103,0.46333333333333027
17.1,200,796.25,250.0,0.958469387755102,8.666027893111883,35.6290470504759,0.4639999999999969
17.2,200,796.25,250.0,0.958469387755102,8.666027893111883,35.6621790715234,0.46466666666666356
17.3,200,796.25,250.0,0.958469387755102,8.666027893111883,35.695090212430586,0.4653333333333302
17.400000000000002,200,796.25,250.0,0.958469387755102,8.666027893111883,35.72778194573172,0.46599999999999686
17.5,200,796.25,250.0,0.958469387755102,8.666027893111883,35.76025573414419,0.4666666666666635
17.6,200,796.25,250.0,0.958469387755102,8.666027893111883,35.792513030633906,0.46733333333333016
17.7,200,796.25,250.0,0.958469387755102,8.666027893111883,35.824555278480354,0.4679999999999968
17.8,200,796.25,250.0,0.958469387755102,8.666027893111883,35.85638391134116,0.46866666666666346
17.900000000000002,200,796.25,250.0,0.958469387755102,8.666027893111883,35.88800035331623,0.4693333333333301
18.0,200,796.25,250.0,0.958469387755102,8.666027893111883,35.91940601901146,0.46999999999999675
18.1,200,796.25,250.0,0.958469387755102,8.666027893111883,35.95060231360206,0.4706666666666634
18.2,200,796.25,250.0,0.958469387755102,8.666027893111883,35.98159063289539,0.47133333333333005
18.3,200,796.25,250.0,0.958469387755102,8.666027893111883,36.01237236339343,0.4719999999999967
18.400000000000002,200,796.25,250.0,0.958469387755102,8.666027893111883,36.04294888235482,0.47266666666666335
18.5,200,796.25,250.0,0.958469387755102,8.666027893111883,36.07332155785647,0.47333333333333
18.6,200,796.25,250.0,0.958469387755102,8.666027893111883,36.103491748854765,0.47399999999999665
18.7,200,796.25,250.0,0.958469387755102,8.666027893111883,36.13346080524641,0.4746666666666633
18.8,200,796.25,250.0,0.958469387755102,8.666027893111883,36.16323006792877,0.47533333333332994
18.900000000000002,200,796.25,250.0,0.958469387755102,8.666027893111883,36.192800868859926,0.4759999999999966
19.0,200,796.25,250.0,0.958469387755102,8.666027893111883,36.222174531118206,0.47666666666666324
19.1,200,796.25,250.0,0.958469387755102,8.666027893111883,36.25135236896143,0.4773333333333299
19.200000000000003,200,796.25,250.0,0.958469387755102,8.666027893111883,36.280335687885696,0.47799999999999654
19.3,200,796.25,250.0,0.958469387755102,8.666027893111883,36.3091257846838,0.4786666666666632
19.400000000000002,200,796.25,250.0,0.958469387755102,8.666027893111883,36.33772394750325,0.47933333333332984
19.5,200,796.25,250.0,0.958469387755102,8.666027893111883,36.366131455903904,0.4799999999999965
19.6,200,796.25,250.0,0.958469387755102,8.666027893111883,36.39434958091522,0.48066666666666313
19.700000000000003,200,796.25,250.0,0.958469387755102,8.666027893111883,36.422379585093125,0.4813333333333298
19.8,200,796.25,250.0,0.958469387755102,8.666027893111883,36.45022272257651,0.48199999999999643
19.900000000000002,200,796.25,250.0,0.958469387755102,8.666027893111883,36.477880239143346,0.4826666666666631
20.0,200,796.25,250.0,0.958469387755102,8.666027893111883,36.5053533722664,0.48333333333332973
20.1,200,796.25,250.0,0.958469387755102,8.666027893111883,36.53264335116863,0.4839999999999964
20.200000000000003,200,796.25,250.0,0.958469387755102,8.666027893111883,36.559751396878184,0.484666666666663
20.3,200,796.25,250.0,0.958469387755102,8.666027893111883,36.586678722283004,0.4853333333333297
20.400000000000002,200,796.25,250.0,0.958469387755102,8.666027893111883,36.61342653218513,0.4859999999999963
20.5,200,796.25,250.0,0.958469387755102,8.666027893111883,36.63999602335457,0.486666666666663
20.6,200,796.25,250.0,0.958469387755102,8.666027893111883,36.66638838458288,0.4873333333333296
20.700000000000003,200,796.25,250.0,0.958469387755102,8.666027893111883,36.69260479673634,0.48799999999999627
20.8,200,796.25,250.0,0.958469387755102,8.666027893111883,36.718646432808775,0.4886666666666629
20.900000000000002,200,796.25,250.0,0.958469387755102,8.666027893111883,36.74451445797406,0.48933333333332957
21.0,200,796.25,250.0,0.958469387755102,8.666027893111883,36.77021002963824,0.4899999999999962
21.1,200,796.25,250.0,0.958469387755102,8.666027893111883,36.79573429749133,0.49066666666666287
21.200000000000003,200,796.25,250.0,0.958469387755102,8.666027893111883,36.82108840355873,0.4913333333333295
21.3,200,796.25,250.0,0.958469387755102,8.666027893111883,36.84627348225235,0.49199999999999616
21.400000000000002,200,796.25,250.0,0.958469387755102,8.666027893111883,36.871290660421344,0.4926666666666628
21.5,200,796.25,250.0,0.958469387755102,8.666027893111883,36.896141057402545,0.49333333333332946
21.6,200,796.25,250.0,0.958469387755102,8.666027893111883,36.92082578507054,0.4939999999999961
21.700000000000003,200,796.25,250.0,0.958469387755102,8.666027893111883,36.94534594788741,0.49466666666666276
21.8,200,796.25,250.0,0.958469387755102,8.666027893111883,36.96970264295217,0.4953333333333294
21.900000000000002,200,796.25,250.0,0.958469387755102,8.666027893111883,36.99389696004983,0.49599999999999606
22.0,200,796.25,250.0,0.958469387755102,8.666027893111883,37.01792998170018,0.4966666666666627
22.1,200,796.25,250.0,0.958469387755102,8.666027893111883,37.04180278320619,0.49733333333332935
22.200000000000003,200,796.25,250.0,0.958469387755102,8.666027893111883,37.065516432702154,0.497999999999996
22.3,200,796.25,250.0,0.958469387755102,8.666027893111883,37.08907199120148,0.49866666666666265
22.400000000000002,200,796.25,250.0,0.958469387755102,8.666027893111883,37.112470512644144,0.4993333333333293
22.5,200,796.25,250.0,0.958469387755102,8.666027893111883,37.13571304394386,0.49999999999999595
22.6,200,796.25,250.0,0.958469387755102,8.666027893111883,37.15880062503491,0.5006666666666626
22.700000000000003,200,796.25,250.0,0.958469387755102,8.666027893111883,37.18173428891868,0.5013333333333293
22.8,200,796.25,250.0,0.958469387755102,8.666027893111883,37.2045150617099,0.501999999999996
22.900000000000002,200,796.25,250.0,0.958469387755102,8.666027893111883,37.22714396268251,0.5026666666666627
23.0,200,796.25,250.0,0.958469387755102,8.666027893111883,37.249622004315306,0.5033333333333294
23.1,200,796.25,250.0,0.958469387755102,8.666027893111883,37.271950192337215,0.5039999999999961
23.200000000000003,200,796.25,250.0,0.958469387755102,8.666027893111883,37.29412952577231,0.5046666666666628
23.3,200,796.25,250.0,0.958469387755102,8.666027893111883,37.31616099698451,0.5053333333333295
23.400000000000002,200,796.25,250.0,0.958469387755102,8.666027893111883,37.33804559172195,0.5059999999999962
23.5,200,796.25,250.0,0.958469387755102,8.666027893111883,37.35978428916115,0.5066666666666629
23.6,200,796.25,250.0,0.958469387755102,8.666027893111883,37.38137806195075,0.5073333333333296
23.700000000000003,200,796.25,250.0,0.958469387755102,8.666027893111883,37.40282787625509,0.5079999999999963
23.8,200,796.25,250.0,0.958469387755102,8.666027893111883,37.4241346917974,0.508666666666663
23.900000000000002,200,796.25,250.0,0.958469387755102,8.666027893111883,37.445299461902756,0.5093333333333298
24.0,200,796.25,250.0,0.958469387755102,8.666027893111883,37.46632313354075,0.5099999999999965
24.1,200,796.25,250.0,0.958469387755102,8.666027893111883,37.48720664736782,0.5106666666666632
24.200000000000003,200,796.25,250.0,0.958469387755102,8.666027893111883,37.50795093776938,0.5113333333333299
24.3,200,796.25,250.0,0.958469387755102,8.666027893111883,37.528556932901594,0.5119999999999966
24.400000000000002,200,796.25,250.0,0.958469387755102,8.666027893111883,37.54902555473293,0.5126666666666633
24.5,200,796.25,250.0,0.958469387755102,8.666027893111883,37.56935771908538,0.51333333333333
24.6,200,796.25,250.0,0.958469387755102,8.666027893111883,37.58955433567549,0.5139999999999967
24.700000000000003,200,796.25,250.0,0.958469387755102,8.666027893111883,37.60961630815499,0.5146666666666634
24.8,200,796.25,250.0,0.958469387755102,8.666027893111883,37.6295445341513,0.5153333333333301
24.900000000000002,200,796.25,250.0,0.958469387755102,8.666027893111883,37.649339905307635,0.5159999999999968
25.0,200,796.25,250.0,0.958469387755102,8.666027893111883,37.669003307322924,0.5166666666666635
25.1,200,796.25,250.0,0.958469387755102,8.666027893111883,37.68853561999145,0.5173333333333302
25.200000000000003,200,796.25,250.0,0.958469387755102,8.666027893111883,37.70793771724218,0.5179999999999969
25.3,200,796.25,250.0,0.958469387755102,8.666027893111883,37.72721046717791,0.5186666666666636
25.400000000000002,200,796.25,250.0,0.958469387755102,8.666027893111883,37.74635473211407,0.5193333333333303
25.5,200,796.25,250.0,0.958469387755102,8.666027893111883,37.765371368617316,0.519999999999997
25.6,200,796.25,250.0,0.958469387755102,8.666027893111883,37.78426122754388,0.5206666666666637
25.700000000000003,200,796.25,250.0,0.958469387755102,8.666027893111883,37.803025154077595,0.5213333333333304
25.8,200,796.25,250.0,0.958469387755102,8.666027893111883,37.82166398776776,0.5219999999999971
25.900000000000002,200,796.25,250.0,0.958469387755102,8.666027893111883,37.84017856256665,0.5226666666666638
26.0,200,796.25,250.0,0.958469387755102,8.666027893111883,37.85856970686688,0.5233333333333305
26.1,200,796.25,250.0,0.958469387755102,8.666027893111883,37.876838243538444,0.5239999999999972
26.200000000000003,200,796.25,250.0,0.958469387755102,8.666027893111883,37.89498498996553,0.524666666666664
26.3,200,796.25,250.0,0.958469387755102,8.666027893111883,37.913010758083104,0.5253333333333307
26.400000000000002,200,796.25,250.0,0.958469387755102,8.666027893111883,37.93091635441323,0.5259999999999974
26.5,200,796.25,250.0,0.958469387755102,8.666027893111883,37.94870258010115,0.5266666666666641
26.6,200,796.25,250.0,0.958469387755102,8.666027893111883,37.96637023095115,0.5273333333333308
26.700000000000003,200,796.25,250.0,0.958469387755102,8.666027893111883,37.98392009746215,0.5279999999999975
26.8,200,796.25,250.0,0.958469387755102,8.666027893111883,38.00135296486308,0.5286666666666642
26.900000000000002,200,796.25,250.0,0.958469387755102,8.666027893111883,38.018669613148006,0.5293333333333309
27.0,200,796.25,250.0,0.958469387755102,8.666027893111883,38.03587081711103,0.5299999999999976
27.1,200,796.25,250.0,0.958469387755102,8.666027893111883,38.05295734638097,0.5306666666666643
27.200000000000003,200,796.25,250.0,0.958469387755102,8.666027893111883,38.06992996545577,0.531333333333331
27.3,200,796.25,250.0,0.958469387755102,8.666027893111883,38.08678943373674,0.5319999999999977
27.400000000000002,200,796.25,250.0,0.958469387755102,8.666027893111883,38.1035365055625,0.5326666666666644
27.5,200,796.25,250.0,0.958469387755102,8.666027893111883,38.12017193024276,0.5333333333333311
27.6,200,796.25,250.0,0.958469387755102,8.666027893111883,38.13669645209182,0.5339999999999978
27.700000000000003,200,796.25,250.0,0.958469387755102,8.666027893111883,38.15311081046188,0.5346666666666645
27.8,200,796.25,250.0,0.958469387755102,8.666027893111883,38.16941573977615,0.5353333333333312
27.900000000000002,200,796.25,250.0,0.958469387755102,8.666027893111883,38.18561196956165,0.5359999999999979
28.0,200,796.25,250.0,0.958469387755102,8.666027893111883,38.20170022448191,0.5366666666666646
28.1,200,796.25,250.0,0.958469387755102,8.666027893111883,38.21768122436937,0.5373333333333313
28.200000000000003,200,796.25,250.0,0.958469387755102,8.666027893111883,38.23355568425759,0.537999999999998
28.3,200,796.25,250.0,0.958469387755102,8.666027893111883,38.249324314413215,0.5386666666666647
28.400000000000002,200,796.25,250.0,0.958469387755102,8.666027893111883,38.2649878203678,0.5393333333333314
28.5,200,796.25,250.0,0.958469387755102,8.666027893111883,38.280546902949354,0.5399999999999981
28.6,200,796.25,250.0,0.958469387755102,8.666027893111883,38.2960022583137,0.5406666666666649
28.700000000000003,200,796.25,250.0,0.958469387755102,8.666027893111883,38.311354577975614,0.5413333333333316
28.8,200,796.25,250.0,0.958469387755102,8.666027893111883,38.32660454883978,0.5419999999999983
28.900000000000002,200,796.25,250.0,0.958469387755102,8.666027893111883,38.341752853231526,0.542666666666665
29.0,200,796.25,250.0,0.958469387755102,8.666027893111883,38.35680016892732,0.5433333333333317
29.1,200,796.25,250.0,0.958469387755102,8.666027893111883,38.37174716918515,0.5439999999999984
29.200000000000003,200,796.25,250.0,0.958469387755102,8.666027893111883,38.38659452277459,0.5446666666666651
29.3,200,796.25,250.0,0.958469387755102,8.666027893111883,38.40134289400677,0.5453333333333318
29.400000000000002,200,796.25,250.0,0.958469387755102,8.666027893111883,38.41599294276406,0.5459999999999985
29.5,200,796.25,250.0,0.958469387755102,8.666027893111883,38.430545324529646,0.5466666666666652
29.6,200,796.25,250.0,0.958469387755102,8.666027893111883,38.44500069041679,0.5473333333333319
29.700000000000003,200,796.25,250.0,0.958469387755102,8.666027893111883,38.459359687198024,0.5479999999999986
29.8,200,796.25,250.0,0.958469387755102,8.666027893111883,38.473622957334044,0.5486666666666653
29.900000000000002,200,796.25,250.0,0.958469387755102,8.666027893111883,38.487791139002496,0.549333333333332
30.0,200,796.25,250.0,0.958469387755102,8.666027893111883,38.50186486612649,0.5499999999999987
30.1,-80,801.5,-100.0,0.9639551020408162,2.9914171631331854,38.515844768402985,0.5506666666666654
30.200000000000003,-80,801.5,-100.0,0.9639551020408162,2.9914171631331854,38.46163614257123,0.5503999999999988
30.3,-80,801.5,-100.0,0.9639551020408162,2.9914171631331854,38.40778890757835,0.5501333333333321
30.400000000000002,-80,801.5,-100.0,0.9639551020408162,2.9914171631331854,38.35430065415209,0.5498666666666655
30.5,-80,801.5,-100.0,0.9639551020408162,2.9914171631331854,38.30116898908201,0.5495999999999989
30.6,-80,801.5,-100.0,0.9639551020408162,2.9914171631331854,38.24839153511239,0.5493333333333322
30.700000000000003,-80,801.5,-100.0,0.9639551020408162,2.9914171631331854,38.195965930835904,0.5490666666666656
30.8,-80,801.5,-100.0,0.9639551020408162,2.9914171631331854,38.14388983058793,0.548799999999999
30.900000000000002,-80,801.5,-100.0,0.9639551020408162,2.9914171631331854,38.09216090434161,0.5485333333333323
31.0,-80,801.5,-100.0,0.9639551020408162,2.9914171631331854,38.0407768376036,0.5482666666666657
31.1,-80,801.5,-100.0,0.9639551020408162,2.9914171631331854,37.98973533131051,0.547999999999999
31.200000000000003,-80,801.5,-100.0,0.9639551020408162,2.9914171631331854,37.939034101726044,0.5477333333333324
31.3,-80,801.5,-100.0,0.9639551020408162,2.9914171631331854,37.8886708803388,0.5474666666666658
31.400000000000002,-80,801.5,-100.0,0.9639551020408162,2.9914171631331854,37.838643413760806,0.5471999999999991
31.5,-80,801.5,-100.0,0.9639551020408162,2.9914171631331854,37.788949463626665,0.5469333333333325
31.6,-80,801.5,-100.0,0.9639551020408162,2.9914171631331854,37.73958680649342,0.5466666666666659
31.700000000000003,-80,801.5,-100.0,0.9639551020408162,2.9914171631331854,37.69055323374106,0.5463999999999992
31.8,-80,801.5,-100.0,0.9639551020408162,2.9914171631331854,37.64184655147372,0.5461333333333326
31.900000000000002,-80,801.5,-100.0,0.9639551020408162,2.9914171631331854,37.59346458042149,0.545866666666666
32.0,-80,801.5,-100.0,0.9639551020408162,2.9914171631331854,37.54540515584294,0.5455999999999993
32.1,-80,801.5,-100.0,0.9639551020408162,2.9914171631331854,37.49766612742825,0.5453333333333327
32.2,-80,801.5,-100.0,0.9639551020408162,2.9914171631331854,37.450245359202995,0.545066666666666
32.300000000000004,-80,801.5,-100.0,0.9639551020408162,2.9914171631331854,37.40314072943257,0.5447999999999994
32.4,-80,801.5,-100.0,0.9639551020408162,2.9914171631331854,37.35635013052729,0.5445333333333328
32.5,-80,801.5,-100.0,0.9639551020408162,2.9914171631331854,37.30987146894804,0.5442666666666661
32.6,-80,801.5,-100.0,0.9639551020408162,2.9914171631331854,37.26370266511265,0.5439999999999995
32.7,-80,801.5,-100.0,0.9639551020408162,2.9914171631331854,37.217841653302834,0.5437333333333328
32.800000000000004,-80,801.5,-100.0,0.9639551020408162,2.9914171631331854,37.172286381571745,0.5434666666666662
32.9,-80,801.5,-100.0,0.9639551020408162,2.9914171631331854,37.127034811652194,0.5431999999999996
33.0,-80,801.5,-100.0,0.9639551020408162,2.9914171631331854,37.08208491886545,0.5429333333333329
33.1,-80,801.5,-100.0,0.9639551020408162,2.9914171631331854,37.03743469203061,0.5426666666666663
33.2,-80,801.5,-100.0,0.9639551020408162,2.9914171631331854,36.99308213337467,0.5423999999999997
33.300000000000004,-80,801.5,-100.0,0.9639551020408162,2.9914171631331854,36.94902525844311,0.542133333333333
33.4,-80,801.5,-100.0,0.9639551020408162,2.9914171631331854,36.905262096011086,0.5418666666666664
33.5,-80,801.5,-100.0,0.9639551020408162,2.9914171631331854,36.861790687995274,0.5415999999999997
33.6,-80,801.5,-100.0,0.9639551020408162,2.9914171631331854,36.818609089366234,0.5413333333333331
33.7,-80,801.5,-100.0,0.9639551020408162,2.9914171631331854,36.77571536806139,0.5410666666666665
33.800000000000004,-80,801.5,-100.0,0.9639551020408162,2.9914171631331854,36.73310760489858,0.5407999999999998
33.9,-80,801.5,-100.0,0.9639551020408162,2.9914171631331854,36.690783893490185,0.5405333333333332
34.0,-80,801.5,-100.0,0.9639551020408162,2.9914171631331854,36.648742340157845,0.5402666666666666
34.1,-80,801.5,-100.0,0.9639551020408162,2.9914171631331854,36.606981063847726,0.5399999999999999
34.2,-80,801.5,-100.0,0.9639551020408162,2.9914171631331854,36.56549819604634,0.5397333333333333
34.300000000000004,-80,801.5,-100.0,0.9639551020408162,2.9914171631331854,36.524291880696964,0.5394666666666666
34.4,-80,801.5,-100.0,0.9639551020408162,2.9914171631331854,36.483360274116585,0.5392
34.5,-80,801.5,-100.0,0.9639551020408162,2.9914171631331854,36.442701544913405,0.5389333333333334
34.6,-80,801.5,-100.0,0.9639551020408162,2.9914171631331854,36.402313873904916,0.5386666666666667
34.7,-80,801.5,-100.0,0.9639551020408162,2.9914171631331854,36.36219545403648,0.5384000000000001
34.800000000000004,-80,801.5,-100.0,0.9639551020408162,2.9914171631331854,36.3223444903005,0.5381333333333335
34.9,-80,801.5,-100.0,0.9639551020408162,2.9914171631331854,36.2827591996561,0.5378666666666668
35.0,-80,801.5,-100.0,0.9639551020408162,2.9914171631331854,36.243437810949324,0.5376000000000002
35.1,-80,801.5,-100.0,0.9639551020408162,2.9914171631331854,36.204378564833924,0.5373333333333336
35.2,-80,801.5,-100.0,0.9639551020408162,2.9914171631331854,36.16557971369263,0.5370666666666669
35.300000000000004,-80,801.5,-100.0,0.9639551020408162,2.9914171631331854,36.12703952155894,0.5368000000000003
35.4,-80,801.5,-100.0,0.9639551020408162,2.9914171631331854,36.08875626403948,0.5365333333333336
35.5,-80,801.5,-100.0,0.9639551020408162,2.9914171631331854,36.050728228236814,0.536266666666667
35.6,-80,801.5,-100.0,0.9639551020408162,2.9914171631331854,36.01295371267283,0.5360000000000004
35.7,-80,801.5,-100.0,0.9639551020408162,2.9914171631331854,35.975431027212615,0.5357333333333337
35.800000000000004,-80,801.5,-100.0,0.9639551020408162,2.9914171631331854,35.9381584929888,0.5354666666666671
35.9,-80,801.5,-100.0,0.9639551020408162,2.9914171631331854,35.90113444232647,0.5352000000000005
36.0,-80,801.5,-100.0,0.9639551020408162,2.9914171631331854,35.86435721866856,0.5349333333333338
36.1,-80,801.5,-100.0,0.9639551020408162,2.9914171631331854,35.8278251765017,0.5346666666666672
36.2,-80,801.5,-100.0,0.9639551020408162,2.9914171631331854,35.791536681282615,0.5344000000000005
36.300000000000004,-80,801.5,-100.0,0.9639551020408162,2.9914171631331854,35.755490109365,0.5341333333333339
36.4,-80,801.5,-100.0,0.9639551020408162,2.9914171631331854,35.71968384792683,0.5338666666666673
36.5,-80,801.5,-100.0,0.9639551020408162,2.9914171631331854,35.68411629489825,0.5336000000000006
36.6,-80,801.5,-100.0,0.9639551020408162,2.9914171631331854,35.648785858889866,0.533333333333334
36.7,-80,801.5,-100.0,0.9639551020408162,2.9914171631331854,35.613690959121534,0.5330666666666674
36.800000000000004,-80,801.5,-100.0,0.9639551020408162,2.9914171631331854,35.57883002535166,0.5328000000000007
36.9,-80,801.5,-100.0,0.9639551020408162,2.9914171631331854,35.54420149780691,0.5325333333333341
37.0,-80,801.5,-100.0,0.9639551020408162,2.9914171631331854,35.509803827112464,0.5322666666666674
37.1,-80,801.5,-100.0,0.9639551020408162,2.9914171631331854,35.47563547422264,0.5320000000000008
37.2,-80,801.5,-100.0,0.9639551020408162,2.9914171631331854,35.44169491035209,0.5317333333333342
37.300000000000004,-80,801.5,-100.0,0.9639551020408162,2.9914171631331854,35.407980616907345,0.5314666666666675
37.4,-80,801.5,-100.0,0.9639551020408162,2.9914171631331854,35.374491085418896,0.5312000000000009
37.5,-80,801.5,-100.0,0.9639551020408162,2.9914171631331854,35.3412248174737,0.5309333333333343
37.6,-80,801.5,-100.0,0.9639551020408162,2.9914171631331854,35.30818032464814,0.5306666666666676
37.7,-80,801.5,-100.0,0.9639551020408162,2.9914171631331854,35.275356128441416,0.530400000000001
37.800000000000004,-80,801.5,-100.0,0.9639551020408162,2.9914171631331854,35.242750760209404,0.5301333333333343
37.9,-80,801.5,-100.0,0.9639551020408162,2.9914171631331854,35.21036276109894,0.5298666666666677
38.0,-80,801.5,-100.0,0.9639551020408162,2.9914171631331854,35.17819068198255,0.5296000000000011
38.1,-80,801.5,-100.0,0.9639551020408162,2.9914171631331854,35.1462330833936,0.5293333333333344
38.2,-80,801.5,-100.0,0.9639551020408162,2.9914171631331854,35.1144885354619,0.5290666666666678
38.300000000000004,-80,801.5,-100.0,0.9639551020408162,2.9914171631331854,35.082955617849755,0.5288000000000012
38.400000000000006,-80,801.5,-100.0,0.9639551020408162,2.9914171631331854,35.05163291968835,0.5285333333333345
38.5,-80,801.5,-100.0,0.9639551020408162,2.9914171631331854,35.020519039514696,0.5282666666666679
38.6,-80,801.5,-100.0,0.9639551020408162,2.9914171631331854,34.98961258520886,0.5280000000000012
38.7,-80,801.5,-100.0,0.9639551020408162,2.9914171631331854,34.95891217393173,0.5277333333333346
38.800000000000004,-80,801.5,-100.0,0.9639551020408162,2.9914171631331854,34.928416432063116,0.527466666666668
38.900000000000006,-80,801.5,-100.0,0.9639551020408162,2.9914171631331854,34.898123995140296,0.5272000000000013
39.0,-80,801.5,-100.0,0.9639551020408162,2.9914171631331854,34.86803350779696,0.5269333333333347
39.1,-80,801.5,-100.0,0.9639551020408162,2.9914171631331854,34.83814362370258,0.5266666666666681
39.2,-80,801.5,-100.0,0.9639551020408162,2.9914171631331854,34.80845300550216,0.5264000000000014
39.300000000000004,-80,801.5,-100.0,0.9639551020408162,2.9914171631331854,34.77896032475641,0.5261333333333348
39.400000000000006,-80,801.5,-100.0,0.9639551020408162,2.9914171631331854,34.7496642618823,0.5258666666666681
39.5,-80,801.5,-100.0,0.9639551020408162,2.9914171631331854,34.72056350609402,0.5256000000000015
39.6,-80,801.5,-100.0,0.9639551020408162,2.9914171631331854,34.69165675534432,0.5253333333333349
39.7,-80,801.5,-100.0,0.9639551020408162,2.9914171631331854,34.662942716266286,0.5250666666666682
39.800000000000004,-80,801.5,-100.0,0.9639551020408162,2.9914171631331854,34.63442010411544,0.5248000000000016
39.900000000000006,-80,801.5,-100.0,0.9639551020408162,2.9914171631331854,34.60608764271227,0.524533333333335
40.0,-80,801.5,-100.0,0.9639551020408162,2.9914171631331854,34.577944064385115,0.5242666666666683
40.1,-80,801.5,-100.0,0.9639551020408162,2.9914171631331854,34.54998810991348,0.5240000000000017
40.2,-80,801.5,-100.0,0.9639551020408162,2.9914171631331854,34.522218528471655,0.523733333333335
40.300000000000004,-80,801.5,-100.0,0.9639551020408162,2.9914171631331854,34.494634077572776,0.5234666666666684
40.400000000000006,-80,801.5,-100.0,0.9639551020408162,2.9914171631331854,34.46723352301322,0.5232000000000018
40.5,-80,801.5,-100.0,0.9639551020408162,2.9914171631331854,34.4400156388174,0.5229333333333351
40.6,-80,801.5,-100.0,0.9639551020408162,2.9914171631331854,34.41297920718288,0.5226666666666685
40.7,-80,801.5,-100.0,0.9639551020408162,2.9914171631331854,34.38612301842593,0.5224000000000019
40.800000000000004,-80,801.5,-100.0,0.9639551020408162,2.9914171631331854,34.35944587092735,0.5221333333333352
40.900000000000006,-80,801.5,-100.0,0.9639551020408162,2.9914171631331854,34.33294657107877,0.5218666666666686
41.0,-80,801.5,-100.0,0.9639551020408162,2.9914171631331854,34.306623933229176,0.521600000000002
41.1,-80,801.5,-100.0,0.9639551020408162,2.9914171631331854,34.28047677963191,0.5213333333333353
41.2,-80,801.5,-100.0,0.9639551020408162,2.9914171631331854,34.25450394039196,0.5210666666666687
41.300000000000004,-80,801.5,-100.0,0.9639551020408162,2.9914171631331854,34.22870425341362,0.520800000000002
41.400000000000006,-80,801.5,-100.0,0.9639551020408162,2.9914171631331854,34.20307656434846,0.5205333333333354
41.5,-80,801.5,-100.0,0.9639551020408162,2.9914171631331854,34.17761972654373,0.5202666666666688
41.6,-80,801.5,-100.0,0.9639551020408162,2.9914171631331854,34.15233260099104,0.5200000000000021
41.7,-80,801.5,-100.0,0.9639551020408162,2.9914171631331854,34.12721405627536,0.5197333333333355
41.800000000000004,-80,801.5,-100.0,0.9639551020408162,2.9914171631331854,34.10226296852446,0.5194666666666689
41.900000000000006,-80,801.5,-100.0,0.9639551020408162,2.9914171631331854,34.07747822135856,0.5192000000000022
42.0,-80,801.5,-100.0,0.9639551020408162,2.9914171631331854,34.052858705840436,0.5189333333333356
42.1,-80,801.5,-100.0,0.9639551020408162,2.9914171631331854,34.02840332042577,0.5186666666666689
42.2,-80,801.5,-100.0,0.9639551020408162,2.9914171631331854,34.00411097091386,0.5184000000000023
42.300000000000004,-80,801.5,-100.0,0.9639551020408162,2.9914171631331854,33.979980570398695,0.5181333333333357
42.400000000000006,-80,801.5,-100.0,0.9639551020408162,2.9914171631331854,33.9560110392203,0.517866666666669
42.5,-80,801.5,-100.0,0.9639551020408162,2.9914171631331854,33.93220130491643,0.5176000000000024
42.6,-80,801.5,-100.0,0.9639551020408162,2.9914171631331854,33.90855030217459,0.5173333333333358
42.7,-80,801.5,-100.0,0.9639551020408162,2.9914171631331854,33.885056972784355,0.5170666666666691
42.800000000000004,-80,801.5,-100.0,0.9639551020408162,2.9914171631331854,33.86172026559006,0.5168000000000025
42.900000000000006,-80,801.5,-100.0,0.9639551020408162,2.9914171631331854,33.83853913644372,0.5165333333333358
43.0,-80,801.5,-100.0,0.9639551020408162,2.9914171631331854,33.81551254815836,0.5162666666666692
43.1,-80,801.5,-100.0,0.9639551020408162,2.9914171631331854,33.792639470461566,0.5160000000000026
43.2,-80,801.5,-100.0,0.9639551020408162,2.9914171631331854,33.76991887994942,0.5157333333333359
43.300000000000004,-80,801.5,-100.0,0.9639551020408162,2.9914171631331854,33.74734976004069,0.5154666666666693
43.400000000000006,-80,801.5,-100.0,0.9639551020408162,2.9914171631331854,33.72493110093135,0.5152000000000027
43.5,-80,801.5,-100.0,0.9639551020408162,2.9914171631331854,33.702661899549405,0.514933333333336
43.6,-80,801.5,-100.0,0.9639551020408162,2.9914171631331854,33.68054115951001,0.5146666666666694
43.7,-80,801.5,-100.0,0.9639551020408162,2.9914171631331854,33.658567891070874,0.5144000000000027
43.800000000000004,-80,801.5,-100.0,0.9639551020408162,2.9914171631331854,33.636741111088,0.5141333333333361
43.900000000000006,-80,801.5,-100.0,0.9639551020408162,2.9914171631331854,33.615059842971675,0.5138666666666695
44.0,-80,801.5,-100.0,0.9639551020408162,2.9914171631331854,33.59352311664279,0.5136000000000028
44.1,-80,801.5,-100.0,0.9639551020408162,2.9914171631331854,33.57212996848944,0.5133333333333362
44.2,-80,801.5,-100.0,0.9639551020408162,2.9914171631331854,33.55087944132378,0.5130666666666696
44.300000000000004,-80,801.5,-100.0,0.9639551020408162,2.9914171631331854,33.52977058433922,0.5128000000000029
44.400000000000006,-80,801.5,-100.0,0.9639551020408162,2.9914171631331854,33.50880245306789,0.5125333333333363
44.5,-80,801.5,-100.0,0.9639551020408162,2.9914171631331854,33.48797410933837,0.5122666666666696
44.6,-80,801.5,-100.0,0.9639551020408162,2.9914171631331854,33.46728462123371,0.512000000000003
44.7,-80,801.5,-100.0,0.9639551020408162,2.9914171631331854,33.44673306304975,0.5117333333333364
44.800000000000004,-80,801.5,-100.0,0.9639551020408162,2.9914171631331854,33.42631851525368,0.5114666666666697
44.900000000000006,-80,801.5,-100.0,0.9639551020408162,2.9914171631331854,33.40604006444293,0.5112000000000031
45.0,-80,801.5,-100.0,0.9639551020408162,2.9914171631331854,33.38589680330424,0.5109333333333365
45.1,-80,801.5,-100.0,0.9639551020408162,2.9914171631331854,33.36588783057314,0.5106666666666698
45.2,-80,801.5,-100.0,0.9639551020408162,2.9914171631331854,33.34601225099359,0.5104000000000032
45.300000000000004,-80,801.5,-100.0,0.9639551020408162,2.9914171631331854,33.32626917527789,0.5101333333333365
45.400000000000006,-80,801.5,-100.0,0.9639551020408162,2.9914171631331854,33.30665772006697,0.5098666666666699
45.5,-80,801.5,-100.0,0.9639551020408162,2.9914171631331854,33.28717700789079,0.5096000000000033
45.6,-80,801.5,-100.0,0.9639551020408162,2.9914171631331854,33.267826167129115,0.5093333333333366
45.7,-80,801.5,-100.0,0.9639551020408162,2.9914171631331854,33.24860433197252,0.50906666666667
45.800000000000004,-80,801.5,-100.0,0.9639551020408162,2.9914171631331854,33.22951064238364,0.5088000000000034
45.900000000000006,-80,801.5,-100.0,0.9639551020408162,2.9914171631331854,33.21054424405868,0.5085333333333367
46.0,-80,801.5,-100.0,0.9639551020408162,2.9914171631331854,33.191704288389225,0.5082666666666701
46.1,-80,801.5,-100.0,0.9639551020408162,2.9914171631331854,33.17298993242423,0.5080000000000034
46.2,-80,801.5,-100.0,0.9639551020408162,2.9914171631331854,33.15440033883233,0.5077333333333368
46.300000000000004,-80,801.5,-100.0,0.9639551020408162,2.9914171631331854,33.135934675864384,0.5074666666666702
46.400000000000006,-80,801.5,-100.0,0.9639551020408162,2.9914171631331854,33.11759211731622,0.5072000000000035
46.5,-80,801.5,-100.0,0.9639551020408162,2.9914171631331854,33.09937184249171,0.5069333333333369
46.6,-80,801.5,-100.0,0.9639551020408162,2.9914171631331854,33.08127303616603,0.5066666666666703
46.7,-80,801.5,-100.0,0.9639551020408162,2.9914171631331854,33.06329488854919,0.5064000000000036
46.800000000000004,-80,801.5,-100.0,0.9639551020408162,2.9914171631331854,33.04543659524979,0.506133333333337
46.900000000000006,-80,801.5,-100.0,0.9639551020408162,2.9914171631331854,33.027697357239056,0.5058666666666704
47.0,-80,801.5,-100.0,0.9639551020408162,2.9914171631331854,33.01007638081506,0.5056000000000037
47.1,-80,801.5,-100.0,0.9639551020408162,2.9914171631331854,32.99257287756722,0.5053333333333371
47.2,-80,801.5,-100.0,0.9639551020408162,2.9914171631331854,32.97518606434104,0.5050666666666704
47.300000000000004,-80,801.5,-100.0,0.9639551020408162,2.9914171631331854,32.957915163203026,0.5048000000000038
47.400000000000006,-80,801.5,-100.0,0.9639551020408162,2.9914171631331854,32.940759401405934,0.5045333333333372
47.5,-80,801.5,-100.0,0.9639551020408162,2.9914171631331854,32.92371801135416,0.5042666666666705
47.6,-80,801.5,-100.0,0.9639551020408162,2.9914171631331854,32.9067902305694,0.5040000000000039
47.7,-80,801.5,-100.0,0.9639551020408162,2.9914171631331854,32.889975301656534,0.5037333333333373
47.800000000000004,-80,801.5,-100.0,0.9639551020408162,2.9914171631331854,32.873272472269754,0.5034666666666706
47.900000000000006,-80,801.5,-100.0,0.9639551020408162,2.9914171631331854,32.85668099507889,0.503200000000004
48.0,-80,801.5,-100.0,0.9639551020408162,2.9914171631331854,32.84020012773596,0.5029333333333373
48.1,-80,801.5,-100.0,0.9639551020408162,2.9914171631331854,32.823829132841986,0.5026666666666707
48.2,-80,801.5,-100.0,0.9639551020408162,2.9914171631331854,32.80756727791397,0.5024000000000041
48.300000000000004,-80,801.5,-100.0,0.9639551020408162,2.9914171631331854,32.79141383535214,0.5021333333333374
48.400000000000006,-80,801.5,-100.0,0.9639551020408162,2.9914171631331854,32.77536808240739,0.5018666666666708
48.5,-80,801.5,-100.0,0.9639551020408162,2.9914171631331854,32.75942930114894,0.5016000000000042
48.6,-80,801.5,-100.0,0.9639551020408162,2.9914171631331854,32.74359677843221,0.5013333333333375
48.7,-80,801.5,-100.0,0.9639551020408162,2.9914171631331854,32.72786980586693,0.5010666666666709
48.800000000000004,-80,801.5,-100.0,0.9639551020408162,2.9914171631331854,32.71224767978541,0.5008000000000042
48.900000000000006,-80,801.5,-100.0,0.9639551020408162,2.9914171631331854,32.69672970121111,0.5005333333333376
49.0,-80,801.5,-100.0,0.9639551020408162,2.9914171631331854,32.6813151758273,0.500266666666671
49.1,-80,801.5,-100.0,0.9639551020408162,2.9914171631331854,32.66600341394605,0.5000000000000043
49.2,-80,801.5,-100.0,0.9639551020408162,2.9914171631331854,32.65079373047734,0.49973333333333764
49.300000000000004,-80,801.5,-100.0,0.9639551020408162,2.9914171631331854,32.63568544489842,0.49946666666667094
49.400000000000006,-80,801.5,-100.0,0.9639551020408162,2.9914171631331854,32.620677881223365,0.49920000000000425
49.5,-80,801.5,-100.0,0.9639551020408162,2.9914171631331854,32.60577036797281,0.49893333333333756
49.6,-80,801.5,-100.0,0.9639551020408162,2.9914171631331854,32.59096223814392,0.49866666666667087
49.7,-80,801.5,-100.0,0.9639551020408162,2.9914171631331854,32.57625282918056,0.4984000000000042
49.800000000000004,-80,801.5,-100.0,0.9639551020408162,2.9914171631331854,32.56164148294362,0.4981333333333375
49.900000000000006,-80,801.5,-100.0,0.9639551020408162,2.9914171631331854,32.5471275456816,0.4978666666666708
50.0,-80,801.5,-100.0,0.9639551020408162,2.9914171631331854,32.53271036800132,0.4976000000000041
50.1,-80,801.5,-100.0,0.9639551020408162,2.9914171631331854,32.518389304838905,0.4973333333333374
50.2,-80,801.5,-100.0,0.9639551020408162,2.9914171631331854,32.50416371543091,0.4970666666666707
50.300000000000004,-80,801.5,-100.0,0.9639551020408162,2.9914171631331854,32.490032963285636,0.496800000000004
50.400000000000006,-80,801.5,-100.0,0.9639551020408162,2.9914171631331854,32.475996416154665,0.4965333333333373
50.5,-80,801.5,-100.0,0.9639551020408162,2.9914171631331854,32.46205344600457,0.49626666666667063
50.6,-80,801.5,-100.0,0.9639551020408162,2.9914171631331854,32.448203428988805,0.49600000000000394
50.7,-80,801.5,-100.0,0.9639551020408162,2.9914171631331854,32.43444574541981,0.49573333333333724
50.800000000000004,-80,801.5,-100.0,0.9639551020408162,2.9914171631331854,32.420779779741274,0.49546666666667055
50.900000000000006,-80,801.5,-100.0,0.9639551020408162,2.9914171631331854,32.4072049205006,0.49520000000000386
51.0,-80,801.5,-100.0,0.9639551020408162,2.9914171631331854,32.393720560321526,0.49493333333333717
51.1,-80,801.5,-100.0,0.9639551020408162,2.9914171631331854,32.38032609587698,0.4946666666666705
51.2,-80,801.5,-100.0,0.9639551020408162,2.9914171631331854,32.367020927862065,0.4944000000000038
51.300000000000004,-80,801.5,-100.0,0.9639551020408162,2.9914171631331854,32.35380446096725,0.4941333333333371
51.400000000000006,-80,801.5,-100.0,0.9639551020408162,2.9914171631331854,32.34067610385173,0.4938666666666704
51.5,-80,801.5,-100.0,0.9639551020408162,2.9914171631331854,32.32763526911698,0.4936000000000037
51.6,-80,801.5,-100.0,0.9639551020408162,2.9914171631331854,32.314681373280465,0.493333333333337
51.7,-80,801.5,-100.0,0.9639551020408162,2.9914171631331854,32.301813836749524,0.4930666666666703
51.800000000000004,-80,801.5,-100.0,0.9639551020408162,2.9914171631331854,32.28903208379546,0.4928000000000036
51.900000000000006,-80,801.5,-100.0,0.9639551020408162,2.9914171631331854,32.276335542527754,0.49253333333333693
52.0,-80,801.5,-100.0,0.9639551020408162,2.9914171631331854,32.2637236448685,0.49226666666667024
52.1,-80,801.5,-100.0,0.9639551020408162,2.9914171631331854,32.251195826526974,0.49200000000000355
52.2,-80,801.5,-100.0,0.9639551020408162,2.9914171631331854,32.23875152697439,0.49173333333333685
52.300000000000004,-80,801.5,-100.0,0.9639551020408162,2.9914171631331854,32.22639018941882,0.49146666666667016
52.400000000000006,-80,801.5,-100.0,0.9639551020408162,2.9914171631331854,32.21411126078029,0.49120000000000347
52.5,-80,801.5,-100.0,0.9639551020408162,2.9914171631331854,32.20191419166602,0.4909333333333368
52.6,-80,801.5,-100.0,0.9639551020408162,2.9914171631331854,32.189798436345846,0.4906666666666701
52.7,-80,801.5,-100.0,0.9639551020408162,2.9914171631331854,32.1777634527278,0.4904000000000034
52.800000000000004,-80,801.5,-100.0,0.9639551020408162,2.9914171631331854,32.165808702333884,0.4901333333333367
52.900000000000006,-80,801.5,-100.0,0.9639551020408162,2.9914171631331854,32.153933650275924,0.48986666666667
53.0,-80,801.5,-100.0,0.9639551020408162,2.9914171631331854,32.14213776523168,0.4896000000000033
53.1,-80,801.5,-100.0,0.9639551020408162,2.9914171631331854,32.130420519421065,0.4893333333333366
53.2,-80,801.5,-100.0,0.9639551020408162,2.9914171631331854,32.118781388582526,0.4890666666666699
53.300000000000004,-80,801.5,-100.0,0.9639551020408162,2.9914171631331854,32.10721985194957,0.48880000000000323
53.400000000000006,-80,801.5,-100.0,0.9639551020408162,2.9914171631331854,32.09573539222751,0.48853333333333654
53.5,-80,801.5,-100.0,0.9639551020408162,2.9914171631331854,32.08432749557026,0.48826666666666985
53.6,-80,801.5,-100.0,0.9639551020408162,2.9914171631331854,32.072995651557385,0.48800000000000315
53.7,-80,801.5,-100.0,0.9639551020408162,2.9914171631331854,32.06173935317127,0.48773333333333646
53.800000000000004,-80,801.5,-100.0,0.9639551020408162,2.9914171631331854,32.050558096774395,0.48746666666666977
53.900000000000006,-80,801.5,-100.0,0.9639551020408162,2.9914171631331854,32.03945138208683,0.4872000000000031
54.0,-80,801.5,-100.0,0.9639551020408162,2.9914171631331854,32.02841871216385,0.4869333333333364
54.1,-80,801.5,-100.0,0.9639551020408162,2.9914171631331854,32.01745959337369,0.4866666666666697
54.2,-80,801.5,-100.0,0.9639551020408162,2.9914171631331854,32.00657353537546,0.486400000000003
54.300000000000004,-80,801.5,-100.0,0.9639551020408162,2.9914171631331854,31.99576005109722,0.4861333333333363
54.400000000000006,-80,801.5,-100.0,0.9639551020408162,2.9914171631331854,31.98501865671417,0.4858666666666696
54.5,-80,801.5,-100.0,0.9639551020408162,2.9914171631331854,31.974348871627008,0.4856000000000029
54.6,-80,801.5,-100.0,0.9639551020408162,2.9914171631331854,31.963750218440428,0.4853333333333362
54.7,-80,801.5,-100.0,0.9639551020408162,2.9914171631331854,31.953222222941758,0.48506666666666953
54.800000000000004,-80,801.5,-100.0,0.9639551020408162,2.9914171631331854,31.942764414079743,0.48480000000000284
54.900000000000006,-80,801.5,-100.0,0.9639551020408162,2.9914171631331854,31.932376323943476,0.48453333333333615
55.0,-80,801.5,-100.0,0.9639551020408162,2.9914171631331854,31.92205748774145,0.48426666666666945
55.1,-80,801.5,-100.0,0.9639551020408162,2.9914171631331854,31.911807443780773,0.48400000000000276
55.2,-80,801.5,-100.0,0.9639551020408162,2.9914171631331854,31.9016257334465,0.48373333333333607
55.300000000000004,-80,801.5,-100.0,0.9639551020408162,2.9914171631331854,31.891511901181122,0.4834666666666694
55.400000000000006,-80,801.5,-100.0,0.9639551020408162,2.9914171631331854,31.88146549446418,0.4832000000000027
55.5,-80,801.5,-100.0,0.9639551020408162,2.9914171631331854,31.871486063792016,0.482933333333336
55.6,-80,801.5,-100.0,0.9639551020408162,2.9914171631331854,31.861573162657667,0.4826666666666693
55.7,-80,801.5,-100.0,0.9639551020408162,2.9914171631331854,31.85172634753088,0.4824000000000026
55.800000000000004,-80,801.5,-100.0,0.9639551020408162,2.9914171631331854,31.841945177838273,0.4821333333333359
55.900000000000006,-80,801.5,-100.0,0.9639551020408162,2.9914171631331854,31.832229215943617,0.4818666666666692
56.0,-80,801.5,-100.0,0.9639551020408162,2.9914171631331854,31.82257802712826,0.4816000000000025
56.1,-80,801.5,-100.0,0.9639551020408162,2.9914171631331854,31.812991179571668,0.48133333333333583
56.2,-80,801.5,-100.0,0.9639551020408162,2.9914171631331854,31.803468244332123,0.48106666666666914
56.300000000000004,-80,801.5,-100.0,0.9639551020408162,2.9914171631331854,31.794008795327507,0.48080000000000245
56.400000000000006,-80,801.5,-100.0,0.9639551020408162,2.9914171631331854,31.784612409316257,0.48053333333333575
56.5,-80,801.5,-100.0,0.9639551020408162,2.9914171631331854,31.775278665878414,0.48026666666666906
56.6,-80,801.5,-100.0,0.9639551020408162,2.9914171631331854,31.766007147396824,0.48000000000000237
56.7,-80,801.5,-100.0,0.9639551020408162,2.9914171631331854,31.756797439038444,0.4797333333333357
56.800000000000004,-80,801.5,-100.0,0.9639551020408162,2.9914171631331854,31.747649128735784,0.479466666666669
56.900000000000006,-80,801.5,-100.0,0.9639551020408162,2.9914171631331854,31.738561807168477,0.4792000000000023
57.0,-80,801.5,-100.0,0.9639551020408162,2.9914171631331854,31.72953506774495,0.4789333333333356
57.1,-80,801.5,-100.0,0.9639551020408162,2.9914171631331854,31.72056850658425,0.4786666666666689
57.2,-80,801.5,-100.0,0.9639551020408162,2.9914171631331854,31.711661722497954,0.4784000000000022
57.300000000000004,-80,801.5,-100.0,0.9639551020408162,2.9914171631331854,31.702814316972233,0.4781333333333355
57.400000000000006,-80,801.5,-100.0,0.9639551020408162,2.9914171631331854,31.694025894150016,0.4778666666666688
57.5,-80,801.5,-100.0,0.9639551020408162,2.9914171631331854,31.685296060813283,0.47760000000000213
57.6,-80,801.5,-100.0,0.9639551020408162,2.9914171631331854,31.67662442636546,0.47733333333333544
57.7,-80,801.5,-100.0,0.9639551020408162,2.9914171631331854,31.668010602813954,0.47706666666666875
57.800000000000004,-80,801.5,-100.0,0.9639551020408162,2.9914171631331854,31.65945420475279,0.47680000000000206
57.900000000000006,-80,801.5,-100.0,0.9639551020408162,2.9914171631331854,31.65095484934537,0.47653333333333536
58.0,-80,801.5,-100.0,0.9639551020408162,2.9914171631331854,31.642512156307333,0.47626666666666867
58.1,-80,801.5,-100.0,0.9639551020408162,2.9914171631331854,31.63412574788955,0.476000000000002
58.2,-80,801.5,-100.0,0.9639551020408162,2.9914171631331854,31.625795248861216,0.4757333333333353
58.300000000000004,-80,801.5,-100.0,0.9639551020408162,2.9914171631331854,31.617520286493072,0.4754666666666686
58.400000000000006,-80,801.5,-100.0,0.9639551020408162,2.9914171631331854,31.609300490540715,0.4752000000000019
58.5,-80,801.5,-100.0,0.9639551020408162,2.9914171631331854,31.601135493228043,0.4749333333333352
58.6,-80,801.5,-100.0,0.9639551020408162,2.9914171631331854,31.593024929230786,0.4746666666666685
58.7,-80,801.5,-100.0,0.9639551020408162,2.9914171631331854,31.58496843566018,0.4744000000000018
58.800000000000004,-80,801.5,-100.0,0.9639551020408162,2.9914171631331854,31.57696565204671,0.4741333333333351
58.900000000000006,-80,801.5,-100.0,0.9639551020408162,2.9914171631331854,31.569016220323995,0.47386666666666843
59.0,-80,801.5,-100.0,0.9639551020408162,2.9914171631331854,31.561119784812767,0.47360000000000174
59.1,-80,801.5,-100.0,0.9639551020408162,2.9914171631331854,31.55327599220495,0.47333333333333505
59.2,-80,801.5,-100.0,0.9639551020408162,2.9914171631331854,31.545484491547846,0.47306666666666836
59.300000000000004,-80,801.5,-100.0,0.9639551020408162,2.9914171631331854,31.53774493422846,0.47280000000000166
59.400000000000006,-80,801.5,-100.0,0.9639551020408162,2.9914171631331854,31.53005697395787,0.47253333333333497
59.5,-80,801.5,-100.0,0.9639551020408162,2.9914171631331854,31.52242026675575,0.4722666666666683
59.6,-80,801.5,-100.0,0.9639551020408162,2.9914171631331854,31.514834470934975,0.4720000000000016
59.7,-80,801.5,-100.0,0.9639551020408162,2.9914171631331854,31.50729924708634,0.4717333333333349
59.800000000000004,-80,801.5,-100.0,0.9639551020408162,2.9914171631331854,31.499814258063363,0.4714666666666682
59.900000000000006,-80,801.5,-100.0,0.9639551020408162,2.9914171631331854,31.492379168967204,0.4712000000000015
60.0,-80,801.5,-100.0,0.9639551020408162,2.9914171631331854,31.484993647131688,0.4709333333333348
